repeated_times,Training_Time,Prediction_Time,Accuracy,Precision,Recall,F1,AUC,MCC,CM,CV_list(AUC)
10,3310530,191670,0.8870967741935484,0.757453644679385,0.683888888888889,0.7093497079687193,0.8618888888888888,0.4333434425540891,"[[129.3, 5.7], [11.8, 8.2]]","[0.8544444444444445, 0.8770370370370371, 0.817037037037037, 0.8544444444444445, 0.8840740740740741, 0.8688888888888888, 0.8888888888888888, 0.84, 0.884074074074074, 0.8500000000000001]"
20,3671665,171770,0.8845161290322581,0.7477016023762172,0.6813425925925926,0.70412204069259,0.864462962962963,0.4218096038276385,"[[128.95, 6.05], [11.85, 8.15]]","[0.8544444444444445, 0.8770370370370371, 0.817037037037037, 0.8544444444444445, 0.8840740740740741, 0.8688888888888888, 0.8888888888888888, 0.84, 0.884074074074074, 0.8500000000000001, 0.8748148148148148, 0.87, 0.8762962962962964, 0.9207407407407409, 0.8425925925925926, 0.8822222222222222, 0.9025925925925926, 0.857037037037037, 0.8374074074074074, 0.8066666666666666]"
50,3846618,186324,0.8828387096774193,0.7449707499874265,0.6793148148148148,0.7016726785456221,0.8645037037037038,0.41699080847587383,"[[128.74, 6.26], [11.9, 8.1]]","[0.8544444444444445, 0.8770370370370371, 0.817037037037037, 0.8544444444444445, 0.8840740740740741, 0.8688888888888888, 0.8888888888888888, 0.84, 0.884074074074074, 0.8500000000000001, 0.8748148148148148, 0.87, 0.8762962962962964, 0.9207407407407409, 0.8425925925925926, 0.8822222222222222, 0.9025925925925926, 0.857037037037037, 0.8374074074074074, 0.8066666666666666, 0.8381481481481481, 0.9025925925925926, 0.847037037037037, 0.7977777777777777, 0.8085185185185185, 0.8803703703703704, 0.8618518518518519, 0.8851851851851852, 0.9092592592592593, 0.8555555555555556, 0.8388888888888889, 0.845925925925926, 0.8544444444444445, 0.8466666666666667, 0.8655555555555555, 0.8451851851851853, 0.8899999999999999, 0.9255555555555555, 0.847037037037037, 0.8281481481481482, 0.8585185185185185, 0.834074074074074, 0.902962962962963, 0.9374074074074075, 0.8533333333333333, 0.8818518518518519, 0.9018518518518519, 0.8611111111111112, 0.8766666666666667, 0.8544444444444446]"
