repeated_times,Training_Time,Prediction_Time,Accuracy,Precision,Recall,F1,AUC,MCC,CM,CV_list(AUC)
10,9894460,563110,0.8563758389261744,0.7656853858638795,0.7930785123966941,0.7771211663039984,0.899265381083563,0.5578051386173478,"[[324.7, 38.3], [25.9, 58.1]]","[0.8734750098386462, 0.9120752984389348, 0.8824281778827234, 0.9358848222484586, 0.8835432244523154, 0.8910205955660502, 0.9099435917617736, 0.9015807424898334, 0.9038436311163583, 0.8988587170405352]"
20,9234550,535970,0.8640939597315436,0.7770465231186867,0.8017193034238488,0.7875955209730433,0.9063082119900301,0.5779881426742215,"[[327.3, 35.7], [25.05, 58.95]]","[0.8734750098386462, 0.9120752984389348, 0.8824281778827234, 0.9358848222484586, 0.8835432244523154, 0.8910205955660502, 0.9099435917617736, 0.9015807424898334, 0.9038436311163583, 0.8988587170405352, 0.9196182605273514, 0.9173881673881674, 0.9095500459136823, 0.9036796536796536, 0.9049914731732913, 0.9314246359700905, 0.9174537583628493, 0.9158139839958022, 0.8969565787747605, 0.9166338711793258]"
50,13268928,480888,0.8680089485458613,0.7826609340004697,0.8076524990161355,0.7931690791903431,0.9060409287682014,0.5894366969401276,"[[328.28, 34.72], [24.28, 59.72]]","[0.8734750098386462, 0.9120752984389348, 0.8824281778827234, 0.9358848222484586, 0.8835432244523154, 0.8910205955660502, 0.9099435917617736, 0.9015807424898334, 0.9038436311163583, 0.8988587170405352, 0.9196182605273514, 0.9173881673881674, 0.9095500459136823, 0.9036796536796536, 0.9049914731732913, 0.9314246359700905, 0.9174537583628493, 0.9158139839958022, 0.8969565787747605, 0.9166338711793258, 0.9206677161222616, 0.9198150334513971, 0.8409418863964319, 0.8866915912370458, 0.8837072018890201, 0.8885609340154794, 0.8965302374393284, 0.9026957890594254, 0.9042371769644496, 0.8647186147186148, 0.9312278630460449, 0.8732782369146006, 0.9224058769513315, 0.8869211596484323, 0.8925947789584153, 0.9127967991604355, 0.93454020726748, 0.9329004329004329, 0.9135182998819362, 0.9161419388692116, 0.8942673488128035, 0.9158139839958022, 0.9281778827233373, 0.9041059950150859, 0.9164043027679392, 0.913715072805982, 0.935032139577594, 0.9151908697363244, 0.9046635182998819, 0.9236193099829464]"
