,training_time,prediction_time,accuracy,precision,recall,f1,auc,mcc,cm
0,1185268491100,38147875600,0.921903052064632,0.8495392696975146,0.8781599301985568,0.8628457407289478,0.9538154978069141,0.7271361518463146,"[[879, 53], [34, 148]]"
