Repeated_Times,Training_Time_Mean,Prediction_Time_Mean,Accuracy_Mean,Accuracy_Median,Accuracy_Q1,Accuracy_Q3,Precision_Mean,Precision_Median,Precision_Q1,Precision_Q3,Recall_Mean,Recall_Median,Recall_Q1,Recall_Q3,F1_Mean,F1_Median,F1_Q1,F1_Q3,AUC_Mean,AUC_Median,AUC_Q1,AUC_Q3,MCC_Mean,MCC_Median,MCC_Q1,MCC_Q3,CM_Mean
1,1185268491100.0,38147875600.0,0.921903052064632,0.921903052064632,0.921903052064632,0.921903052064632,0.8495392696975146,0.8495392696975146,0.8495392696975146,0.8495392696975146,0.8781599301985568,0.8781599301985568,0.8781599301985568,0.8781599301985568,0.8628457407289478,0.8628457407289478,0.8628457407289478,0.8628457407289478,0.9538154978069141,0.9538154978069141,0.9538154978069141,0.9538154978069141,0.7271361518463146,0.7271361518463146,0.7271361518463146,0.7271361518463146,"[[879.  53.]
 [ 34. 148.]]"
