Repeated_Times,Training_Time_Mean,Prediction_Time_Mean,Accuracy_Mean,Accuracy_Median,Accuracy_Q1,Accuracy_Q3,Precision_Mean,Precision_Median,Precision_Q1,Precision_Q3,Recall_Mean,Recall_Median,Recall_Q1,Recall_Q3,F1_Mean,F1_Median,F1_Q1,F1_Q3,AUC_Mean,AUC_Median,AUC_Q1,AUC_Q3,MCC_Mean,MCC_Median,MCC_Q1,MCC_Q3,CM_Mean
1,247085663900.0,5805150700.0,0.8407079646017699,0.8407079646017699,0.8407079646017699,0.8407079646017699,0.6876262926423392,0.6876262926423392,0.6876262926423392,0.6876262926423392,0.7762996674251708,0.7762996674251708,0.7762996674251708,0.7762996674251708,0.7152855543113101,0.7152855543113101,0.7152855543113101,0.7152855543113101,0.9025030631892176,0.9025030631892176,0.9025030631892176,0.9025030631892176,0.4553727363700909,0.4553727363700909,0.4553727363700909,0.4553727363700909,"[[170.  27.]
 [  9.  20.]]"
