,training_time,prediction_time,accuracy,precision,recall,f1,auc,mcc,cm
0,247085663900,5805150700,0.8407079646017699,0.6876262926423392,0.7762996674251708,0.7152855543113101,0.9025030631892176,0.4553727363700909,"[[170, 27], [9, 20]]"
