repeated_times,Training_Time,Prediction_Time,Accuracy,Precision,Recall,F1,AUC,MCC,CM,CV_list(AUC)
10,1542250,108510,0.8508849557522125,0.6996148364438217,0.7600822685104148,0.7171939264956098,0.8667075091895675,0.4534820345080811,"[[173.8, 23.2], [10.5, 18.5]]","[0.8170838438648697, 0.9138806231402066, 0.8697706984071416, 0.9016278662699108, 0.8583931384561527, 0.8611937685979345, 0.8913005426220899, 0.8358130579380361, 0.8487659723437774, 0.8692455802555575]"
20,1684925,109620,0.8530973451327434,0.7010884278321836,0.7422370033257483,0.7109978096509804,0.8626903553299492,0.43784555107087353,"[[175.6, 21.4], [11.8, 17.2]]","[0.8170838438648697, 0.9138806231402066, 0.8697706984071416, 0.9016278662699108, 0.8583931384561527, 0.8611937685979345, 0.8913005426220899, 0.8358130579380361, 0.8487659723437774, 0.8692455802555575, 0.8659198319621915, 0.8972518816733766, 0.9187817258883249, 0.8169088044810082, 0.8520917206371433, 0.8454402240504113, 0.8706458953264484, 0.8120077017328898, 0.9023280238053561, 0.8053562051461579]"
50,1828568,99508,0.8560176991150443,0.6987017838648462,0.7303850866444951,0.7067588733284849,0.8628041309294592,0.42490166633301607,"[[177.18, 19.82], [12.72, 16.28]]","[0.8170838438648697, 0.9138806231402066, 0.8697706984071416, 0.9016278662699108, 0.8583931384561527, 0.8611937685979345, 0.8913005426220899, 0.8358130579380361, 0.8487659723437774, 0.8692455802555575, 0.8659198319621915, 0.8972518816733766, 0.9187817258883249, 0.8169088044810082, 0.8520917206371433, 0.8454402240504113, 0.8706458953264484, 0.8120077017328898, 0.9023280238053561, 0.8053562051461579, 0.9137055837563451, 0.8205846315420969, 0.8790477857517942, 0.8277612462804131, 0.9189567652721864, 0.853316996324173, 0.8503413267985297, 0.8643444775074391, 0.889375109399615, 0.8737966042359531, 0.8510414843339751, 0.8652196744267461, 0.8944512515315947, 0.801155259933485, 0.8555925083143707, 0.9007526693506038, 0.8944512515315945, 0.8279362856642745, 0.8589182566077367, 0.8393138456152635, 0.8820234552774374, 0.8274111675126903, 0.8627691230526868, 0.8414143182215998, 0.8863994398739716, 0.8083318746718011, 0.8564677052336775, 0.9432872396289165, 0.8575179415368458, 0.8407141606861543]"
